{
    "Run1": {
        "Subject1": 0.8,
        "Subject2": 0.8,
        "Subject3": 0.6,
        "Subject4": 0.8,
        "Subject5": 0.8,
        "Subject6": 1.0,
        "Subject7": 1.0,
        "Subject8": 0.8,
        "Subject9": 0.8,
        "Subject10": 0.6,
        "Subject11": 0.4,
        "Subject12": 0.2,
        "Subject13": 0.8,
        "Subject14": 0.4,
        "Subject15": 1.0,
        "Subject16": 1.0,
        "Subject17": 0.6,
        "Subject18": 0.4,
        "Subject19": 1.0,
        "Subject20": 0.4,
        "Subject21": 0.8,
        "Subject22": 0.8,
        "Subject23": 0.4,
        "Subject24": 0.8,
        "Subject25": 0.8,
        "Subject26": 1.0,
        "Subject27": 0.6,
        "Subject28": 0.6,
        "Subject29": 1.0,
        "Subject30": 0.8,
        "Subject31": 1.0,
        "Subject32": 1.0,
        "Subject33": 0.8,
        "Subject34": 0.4,
        "Subject35": 0.8,
        "Subject36": 0.4,
        "Subject37": 0.2,
        "Subject38": 0.6,
        "Subject39": 1.0,
        "Subject40": 0.6,
        "Subject41": 0.4,
        "Subject42": 1.0,
        "Subject43": 0.6,
        "Subject44": 0.8,
        "Subject45": 0.8,
        "Subject46": 1.0,
        "Subject47": 0.8,
        "Subject48": 1.0,
        "Subject49": 0.8,
        "Subject50": 0.8,
        "Subject51": 0.6,
        "Subject52": 1.0,
        "Subject53": 1.0,
        "Subject54": 1.0,
        "Subject55": 0.8,
        "Subject56": 0.8,
        "Subject57": 0.8,
        "Subject58": 0.8,
        "Subject59": 1.0,
        "Subject60": 0.6,
        "Subject61": 0.6,
        "Subject62": 0.6,
        "Subject63": 0.6,
        "Subject64": 0.6,
        "Subject65": 0.8,
        "Subject66": 0.4,
        "Subject67": 0.4,
        "Subject68": 0.8,
        "Subject69": 0.4,
        "Subject70": 1.0,
        "Subject71": 0.6,
        "Subject72": 0.6,
        "Subject73": 0.4,
        "Subject74": 0.6,
        "Subject75": 0.8,
        "Subject76": 0.8,
        "Subject77": 0.4,
        "Subject78": 0.4,
        "Subject79": 0.4,
        "Subject80": 0.4,
        "Subject81": 0.4,
        "Subject82": 1.0,
        "Subject83": 0.6,
        "Subject84": 0.2,
        "Subject85": 1.0,
        "Subject86": 0.4,
        "Subject87": 0.6,
        "Subject88": 0.6666666666666666,
        "Subject89": 0.6666666666666666,
        "Subject90": 0.8,
        "Subject91": 1.0,
        "Subject92": 0.8333333333333334,
        "Subject93": 0.6,
        "Subject94": 1.0,
        "Subject95": 0.4,
        "Subject96": 0.4,
        "Subject97": 0.6,
        "Subject98": 0.8,
        "Subject99": 0.8,
        "Subject100": 0.5,
        "Subject101": 0.4,
        "Subject102": 0.8,
        "Subject103": 0.8,
        "Subject104": 1.0,
        "Subject105": 1.0,
        "Subject106": 1.0,
        "Subject107": 1.0,
        "Subject108": 1.0,
        "Subject109": 0.6,
        "meanRun": 0.7107033639143727
    },
    "Run2": {
        "Subject1": 0.6,
        "Subject2": 1.0,
        "Subject3": 0.8,
        "Subject4": 0.2,
        "Subject5": 0.8,
        "Subject6": 0.4,
        "Subject7": 1.0,
        "Subject8": 0.6,
        "Subject9": 0.4,
        "Subject10": 0.4,
        "Subject11": 0.6,
        "Subject12": 0.6,
        "Subject13": 0.8,
        "Subject14": 0.6,
        "Subject15": 0.4,
        "Subject16": 0.4,
        "Subject17": 1.0,
        "Subject18": 0.8,
        "Subject19": 0.8,
        "Subject20": 0.4,
        "Subject21": 0.6,
        "Subject22": 0.8,
        "Subject23": 0.4,
        "Subject24": 0.4,
        "Subject25": 0.6,
        "Subject26": 0.6,
        "Subject27": 0.4,
        "Subject28": 0.4,
        "Subject29": 1.0,
        "Subject30": 0.8,
        "Subject31": 0.4,
        "Subject32": 0.8,
        "Subject33": 0.8,
        "Subject34": 0.8,
        "Subject35": 0.6,
        "Subject36": 0.6,
        "Subject37": 0.6,
        "Subject38": 0.4,
        "Subject39": 0.6,
        "Subject40": 0.4,
        "Subject41": 0.6,
        "Subject42": 1.0,
        "Subject43": 0.4,
        "Subject44": 0.6,
        "Subject45": 0.4,
        "Subject46": 0.6,
        "Subject47": 0.4,
        "Subject48": 0.8,
        "Subject49": 1.0,
        "Subject50": 0.2,
        "Subject51": 0.6,
        "Subject52": 1.0,
        "Subject53": 0.8,
        "Subject54": 1.0,
        "Subject55": 1.0,
        "Subject56": 1.0,
        "Subject57": 0.4,
        "Subject58": 0.6,
        "Subject59": 0.6,
        "Subject60": 0.6,
        "Subject61": 0.6,
        "Subject62": 0.8,
        "Subject63": 0.8,
        "Subject64": 0.6,
        "Subject65": 0.8,
        "Subject66": 0.4,
        "Subject67": 0.6,
        "Subject68": 0.4,
        "Subject69": 0.4,
        "Subject70": 0.4,
        "Subject71": 1.0,
        "Subject72": 1.0,
        "Subject73": 0.4,
        "Subject74": 0.4,
        "Subject75": 0.6,
        "Subject76": 0.8,
        "Subject77": 0.2,
        "Subject78": 0.0,
        "Subject79": 0.2,
        "Subject80": 0.8,
        "Subject81": 0.6,
        "Subject82": 0.8,
        "Subject83": 0.8,
        "Subject84": 0.8,
        "Subject85": 0.8,
        "Subject86": 0.4,
        "Subject87": 0.4,
        "Subject88": 0.3333333333333333,
        "Subject89": 0.6,
        "Subject90": 0.4,
        "Subject91": 0.6,
        "Subject92": 0.6666666666666666,
        "Subject93": 0.8,
        "Subject94": 1.0,
        "Subject95": 0.6,
        "Subject96": 0.0,
        "Subject97": 0.6,
        "Subject98": 0.6,
        "Subject99": 0.6,
        "Subject100": 0.75,
        "Subject101": 0.2,
        "Subject102": 0.4,
        "Subject103": 0.6,
        "Subject104": 0.4,
        "Subject105": 0.8,
        "Subject106": 0.4,
        "Subject107": 0.8,
        "Subject108": 0.8,
        "Subject109": 0.2,
        "meanRun": 0.6068807339449539
    },
    "Run3": {
        "Subject1": 1.0,
        "Subject2": 1.0,
        "Subject3": 0.8,
        "Subject4": 1.0,
        "Subject5": 0.6,
        "Subject6": 0.8,
        "Subject7": 1.0,
        "Subject8": 0.6,
        "Subject9": 0.6,
        "Subject10": 1.0,
        "Subject11": 0.6,
        "Subject12": 0.6,
        "Subject13": 1.0,
        "Subject14": 1.0,
        "Subject15": 0.8,
        "Subject16": 1.0,
        "Subject17": 0.8,
        "Subject18": 0.8,
        "Subject19": 1.0,
        "Subject20": 0.8,
        "Subject21": 1.0,
        "Subject22": 1.0,
        "Subject23": 0.8,
        "Subject24": 1.0,
        "Subject25": 1.0,
        "Subject26": 1.0,
        "Subject27": 0.8,
        "Subject28": 1.0,
        "Subject29": 1.0,
        "Subject30": 1.0,
        "Subject31": 1.0,
        "Subject32": 1.0,
        "Subject33": 0.8,
        "Subject34": 1.0,
        "Subject35": 0.8,
        "Subject36": 1.0,
        "Subject37": 0.6,
        "Subject38": 0.8,
        "Subject39": 0.6,
        "Subject40": 0.6,
        "Subject41": 1.0,
        "Subject42": 1.0,
        "Subject43": 0.4,
        "Subject44": 0.6,
        "Subject45": 0.6,
        "Subject46": 1.0,
        "Subject47": 0.8,
        "Subject48": 1.0,
        "Subject49": 1.0,
        "Subject50": 0.8,
        "Subject51": 0.8,
        "Subject52": 1.0,
        "Subject53": 0.8,
        "Subject54": 1.0,
        "Subject55": 1.0,
        "Subject56": 1.0,
        "Subject57": 0.8,
        "Subject58": 1.0,
        "Subject59": 0.6,
        "Subject60": 1.0,
        "Subject61": 1.0,
        "Subject62": 1.0,
        "Subject63": 0.2,
        "Subject64": 0.8,
        "Subject65": 0.8,
        "Subject66": 0.6,
        "Subject67": 0.8,
        "Subject68": 0.8,
        "Subject69": 0.8,
        "Subject70": 1.0,
        "Subject71": 0.6,
        "Subject72": 1.0,
        "Subject73": 1.0,
        "Subject74": 0.8,
        "Subject75": 0.6,
        "Subject76": 0.8,
        "Subject77": 1.0,
        "Subject78": 1.0,
        "Subject79": 0.8,
        "Subject80": 0.2,
        "Subject81": 1.0,